BEGIN
NOTICE:  extension "pgtap" already exists, skipping
CREATE EXTENSION
INSERT 0 1
INSERT 0 1
INSERT 0 1
INSERT 0 1
INSERT 0 3
INSERT 0 3
INSERT 0 3
INSERT 0 3
INSERT 0 3
INSERT 0 4
INSERT 0 4
73872a8f-c698-4bce-8876-3499b3e998e1
BEFORE_PLAN
[
  {
    "Plan": {
      "Node Type": "Limit",
      "Parallel Aware": false,
      "Async Capable": false,
      "Startup Cost": 18.46,
      "Total Cost": 31.91,
      "Plan Rows": 1,
      "Plan Width": 352,
      "Actual Startup Time": 2.346,
      "Actual Total Time": 2.396,
      "Actual Rows": 3,
      "Actual Loops": 1,
      "Shared Hit Blocks": 316,
      "Shared Read Blocks": 0,
      "Shared Dirtied Blocks": 0,
      "Shared Written Blocks": 0,
      "Local Hit Blocks": 0,
      "Local Read Blocks": 0,
      "Local Dirtied Blocks": 0,
      "Local Written Blocks": 0,
      "Temp Read Blocks": 0,
      "Temp Written Blocks": 0,
      "Plans": [
        {
          "Node Type": "Result",
          "Parent Relationship": "Outer",
          "Parallel Aware": false,
          "Async Capable": false,
          "Startup Cost": 18.46,
          "Total Cost": 31.91,
          "Plan Rows": 1,
          "Plan Width": 352,
          "Actual Startup Time": 2.345,
          "Actual Total Time": 2.394,
          "Actual Rows": 3,
          "Actual Loops": 1,
          "Shared Hit Blocks": 316,
          "Shared Read Blocks": 0,
          "Shared Dirtied Blocks": 0,
          "Shared Written Blocks": 0,
          "Local Hit Blocks": 0,
          "Local Read Blocks": 0,
          "Local Dirtied Blocks": 0,
          "Local Written Blocks": 0,
          "Temp Read Blocks": 0,
          "Temp Written Blocks": 0,
          "Plans": [
            {
              "Node Type": "Sort",
              "Parent Relationship": "Outer",
              "Parallel Aware": false,
              "Async Capable": false,
              "Startup Cost": 18.46,
              "Total Cost": 18.46,
              "Plan Rows": 1,
              "Plan Width": 244,
              "Actual Startup Time": 2.224,
              "Actual Total Time": 2.227,
              "Actual Rows": 3,
              "Actual Loops": 1,
              "Sort Key": ["class_row.name"],
              "Sort Method": "quicksort",
              "Sort Space Used": 25,
              "Sort Space Type": "Memory",
              "Shared Hit Blocks": 278,
              "Shared Read Blocks": 0,
              "Shared Dirtied Blocks": 0,
              "Shared Written Blocks": 0,
              "Local Hit Blocks": 0,
              "Local Read Blocks": 0,
              "Local Dirtied Blocks": 0,
              "Local Written Blocks": 0,
              "Temp Read Blocks": 0,
              "Temp Written Blocks": 0,
              "Plans": [
                {
                  "Node Type": "Nested Loop",
                  "Parent Relationship": "Outer",
                  "Parallel Aware": false,
                  "Async Capable": false,
                  "Join Type": "Inner",
                  "Startup Cost": 12.75,
                  "Total Cost": 18.45,
                  "Plan Rows": 1,
                  "Plan Width": 244,
                  "Actual Startup Time": 2.182,
                  "Actual Total Time": 2.203,
                  "Actual Rows": 3,
                  "Actual Loops": 1,
                  "Inner Unique": true,
                  "Join Filter": "(course.curriculum_id = curriculum.id)",
                  "Rows Removed by Join Filter": 3,
                  "Shared Hit Blocks": 275,
                  "Shared Read Blocks": 0,
                  "Shared Dirtied Blocks": 0,
                  "Shared Written Blocks": 0,
                  "Local Hit Blocks": 0,
                  "Local Read Blocks": 0,
                  "Local Dirtied Blocks": 0,
                  "Local Written Blocks": 0,
                  "Temp Read Blocks": 0,
                  "Temp Written Blocks": 0,
                  "Plans": [
                    {
                      "Node Type": "Nested Loop",
                      "Parent Relationship": "Outer",
                      "Parallel Aware": false,
                      "Async Capable": false,
                      "Join Type": "Inner",
                      "Startup Cost": 12.75,
                      "Total Cost": 17.33,
                      "Plan Rows": 1,
                      "Plan Width": 244,
                      "Actual Startup Time": 2.178,
                      "Actual Total Time": 2.195,
                      "Actual Rows": 3,
                      "Actual Loops": 1,
                      "Inner Unique": true,
                      "Join Filter": "(class_row.course_id = course.id)",
                      "Rows Removed by Join Filter": 0,
                      "Shared Hit Blocks": 272,
                      "Shared Read Blocks": 0,
                      "Shared Dirtied Blocks": 0,
                      "Shared Written Blocks": 0,
                      "Local Hit Blocks": 0,
                      "Local Read Blocks": 0,
                      "Local Dirtied Blocks": 0,
                      "Local Written Blocks": 0,
                      "Temp Read Blocks": 0,
                      "Temp Written Blocks": 0,
                      "Plans": [
                        {
                          "Node Type": "Nested Loop",
                          "Parent Relationship": "Outer",
                          "Parallel Aware": false,
                          "Async Capable": false,
                          "Join Type": "Inner",
                          "Startup Cost": 12.75,
                          "Total Cost": 16.30,
                          "Plan Rows": 1,
                          "Plan Width": 228,
                          "Actual Startup Time": 2.176,
                          "Actual Total Time": 2.190,
                          "Actual Rows": 3,
                          "Actual Loops": 1,
                          "Inner Unique": false,
                          "Shared Hit Blocks": 269,
                          "Shared Read Blocks": 0,
                          "Shared Dirtied Blocks": 0,
                          "Shared Written Blocks": 0,
                          "Local Hit Blocks": 0,
                          "Local Read Blocks": 0,
                          "Local Dirtied Blocks": 0,
                          "Local Written Blocks": 0,
                          "Temp Read Blocks": 0,
                          "Temp Written Blocks": 0,
                          "Plans": [
                            {
                              "Node Type": "Hash Join",
                              "Parent Relationship": "Outer",
                              "Parallel Aware": false,
                              "Async Capable": false,
                              "Join Type": "Right",
                              "Startup Cost": 12.75,
                              "Total Cost": 15.28,
                              "Plan Rows": 1,
                              "Plan Width": 196,
                              "Actual Startup Time": 2.172,
                              "Actual Total Time": 2.183,
                              "Actual Rows": 3,
                              "Actual Loops": 1,
                              "Inner Unique": false,
                              "Hash Cond": "(to_level.id = class_row.accepted_to_level_id)",
                              "Shared Hit Blocks": 266,
                              "Shared Read Blocks": 0,
                              "Shared Dirtied Blocks": 0,
                              "Shared Written Blocks": 0,
                              "Local Hit Blocks": 0,
                              "Local Read Blocks": 0,
                              "Local Dirtied Blocks": 0,
                              "Local Written Blocks": 0,
                              "Temp Read Blocks": 0,
                              "Temp Written Blocks": 0,
                              "Plans": [
                                {
                                  "Node Type": "Seq Scan",
                                  "Parent Relationship": "Outer",
                                  "Parallel Aware": false,
                                  "Async Capable": false,
                                  "Relation Name": "curriculum_levels",
                                  "Alias": "to_level",
                                  "Startup Cost": 0.00,
                                  "Total Cost": 2.38,
                                  "Plan Rows": 38,
                                  "Plan Width": 24,
                                  "Actual Startup Time": 0.001,
                                  "Actual Total Time": 0.005,
                                  "Actual Rows": 37,
                                  "Actual Loops": 1,
                                  "Shared Hit Blocks": 2,
                                  "Shared Read Blocks": 0,
                                  "Shared Dirtied Blocks": 0,
                                  "Shared Written Blocks": 0,
                                  "Local Hit Blocks": 0,
                                  "Local Read Blocks": 0,
                                  "Local Dirtied Blocks": 0,
                                  "Local Written Blocks": 0,
                                  "Temp Read Blocks": 0,
                                  "Temp Written Blocks": 0
                                },
                                {
                                  "Node Type": "Hash",
                                  "Parent Relationship": "Inner",
                                  "Parallel Aware": false,
                                  "Async Capable": false,
                                  "Startup Cost": 12.74,
                                  "Total Cost": 12.74,
                                  "Plan Rows": 1,
                                  "Plan Width": 188,
                                  "Actual Startup Time": 2.159,
                                  "Actual Total Time": 2.161,
                                  "Actual Rows": 3,
                                  "Actual Loops": 1,
                                  "Hash Buckets": 1024,
                                  "Original Hash Buckets": 1024,
                                  "Hash Batches": 1,
                                  "Original Hash Batches": 1,
                                  "Peak Memory Usage": 9,
                                  "Shared Hit Blocks": 264,
                                  "Shared Read Blocks": 0,
                                  "Shared Dirtied Blocks": 0,
                                  "Shared Written Blocks": 0,
                                  "Local Hit Blocks": 0,
                                  "Local Read Blocks": 0,
                                  "Local Dirtied Blocks": 0,
                                  "Local Written Blocks": 0,
                                  "Temp Read Blocks": 0,
                                  "Temp Written Blocks": 0,
                                  "Plans": [
                                    {
                                      "Node Type": "Hash Join",
                                      "Parent Relationship": "Outer",
                                      "Parallel Aware": false,
                                      "Async Capable": false,
                                      "Join Type": "Right",
                                      "Startup Cost": 10.20,
                                      "Total Cost": 12.74,
                                      "Plan Rows": 1,
                                      "Plan Width": 188,
                                      "Actual Startup Time": 2.147,
                                      "Actual Total Time": 2.158,
                                      "Actual Rows": 3,
                                      "Actual Loops": 1,
                                      "Inner Unique": false,
                                      "Hash Cond": "(from_level.id = class_row.accepted_from_level_id)",
                                      "Shared Hit Blocks": 264,
                                      "Shared Read Blocks": 0,
                                      "Shared Dirtied Blocks": 0,
                                      "Shared Written Blocks": 0,
                                      "Local Hit Blocks": 0,
                                      "Local Read Blocks": 0,
                                      "Local Dirtied Blocks": 0,
                                      "Local Written Blocks": 0,
                                      "Temp Read Blocks": 0,
                                      "Temp Written Blocks": 0,
                                      "Plans": [
                                        {
                                          "Node Type": "Seq Scan",
                                          "Parent Relationship": "Outer",
                                          "Parallel Aware": false,
                                          "Async Capable": false,
                                          "Relation Name": "curriculum_levels",
                                          "Alias": "from_level",
                                          "Startup Cost": 0.00,
                                          "Total Cost": 2.38,
                                          "Plan Rows": 38,
                                          "Plan Width": 24,
                                          "Actual Startup Time": 0.004,
                                          "Actual Total Time": 0.007,
                                          "Actual Rows": 37,
                                          "Actual Loops": 1,
                                          "Shared Hit Blocks": 2,
                                          "Shared Read Blocks": 0,
                                          "Shared Dirtied Blocks": 0,
                                          "Shared Written Blocks": 0,
                                          "Local Hit Blocks": 0,
                                          "Local Read Blocks": 0,
                                          "Local Dirtied Blocks": 0,
                                          "Local Written Blocks": 0,
                                          "Temp Read Blocks": 0,
                                          "Temp Written Blocks": 0
                                        },
                                        {
                                          "Node Type": "Hash",
                                          "Parent Relationship": "Inner",
                                          "Parallel Aware": false,
                                          "Async Capable": false,
                                          "Startup Cost": 10.19,
                                          "Total Cost": 10.19,
                                          "Plan Rows": 1,
                                          "Plan Width": 180,
                                          "Actual Startup Time": 2.131,
                                          "Actual Total Time": 2.131,
                                          "Actual Rows": 3,
                                          "Actual Loops": 1,
                                          "Hash Buckets": 1024,
                                          "Original Hash Buckets": 1024,
                                          "Hash Batches": 1,
                                          "Original Hash Batches": 1,
                                          "Peak Memory Usage": 9,
                                          "Shared Hit Blocks": 262,
                                          "Shared Read Blocks": 0,
                                          "Shared Dirtied Blocks": 0,
                                          "Shared Written Blocks": 0,
                                          "Local Hit Blocks": 0,
                                          "Local Read Blocks": 0,
                                          "Local Dirtied Blocks": 0,
                                          "Local Written Blocks": 0,
                                          "Temp Read Blocks": 0,
                                          "Temp Written Blocks": 0,
                                          "Plans": [
                                            {
                                              "Node Type": "Index Scan",
                                              "Parent Relationship": "Outer",
                                              "Parallel Aware": false,
                                              "Async Capable": false,
                                              "Scan Direction": "Forward",
                                              "Index Name": "classes_status_idx",
                                              "Relation Name": "classes",
                                              "Alias": "class_row",
                                              "Startup Cost": 0.14,
                                              "Total Cost": 10.19,
                                              "Plan Rows": 1,
                                              "Plan Width": 180,
                                              "Actual Startup Time": 1.512,
                                              "Actual Total Time": 2.126,
                                              "Actual Rows": 3,
                                              "Actual Loops": 1,
                                              "Index Cond": "(status = 'ACTIVE'::text)",
                                              "Rows Removed by Index Recheck": 0,
                                              "Filter": "((branch_id = 'b9000000-0000-4000-8000-000000000001'::uuid) AND registration_can('student_placement.view'::text, branch_id) AND ((SubPlan 7) < capacity))",
                                              "Rows Removed by Filter": 0,
                                              "Shared Hit Blocks": 262,
                                              "Shared Read Blocks": 0,
                                              "Shared Dirtied Blocks": 0,
                                              "Shared Written Blocks": 0,
                                              "Local Hit Blocks": 0,
                                              "Local Read Blocks": 0,
                                              "Local Dirtied Blocks": 0,
                                              "Local Written Blocks": 0,
                                              "Temp Read Blocks": 0,
                                              "Temp Written Blocks": 0,
                                              "Plans": [
                                                {
                                                  "Node Type": "Aggregate",
                                                  "Strategy": "Plain",
                                                  "Partial Mode": "Simple",
                                                  "Parent Relationship": "SubPlan",
                                                  "Subplan Name": "SubPlan 7",
                                                  "Parallel Aware": false,
                                                  "Async Capable": false,
                                                  "Startup Cost": 1.77,
                                                  "Total Cost": 1.78,
                                                  "Plan Rows": 1,
                                                  "Plan Width": 8,
                                                  "Actual Startup Time": 0.010,
                                                  "Actual Total Time": 0.010,
                                                  "Actual Rows": 1,
                                                  "Actual Loops": 3,
                                                  "Shared Hit Blocks": 3,
                                                  "Shared Read Blocks": 0,
                                                  "Shared Dirtied Blocks": 0,
                                                  "Shared Written Blocks": 0,
                                                  "Local Hit Blocks": 0,
                                                  "Local Read Blocks": 0,
                                                  "Local Dirtied Blocks": 0,
                                                  "Local Written Blocks": 0,
                                                  "Temp Read Blocks": 0,
                                                  "Temp Written Blocks": 0,
                                                  "Plans": [
                                                    {
                                                      "Node Type": "Seq Scan",
                                                      "Parent Relationship": "Outer",
                                                      "Parallel Aware": false,
                                                      "Async Capable": false,
                                                      "Relation Name": "enrollments",
                                                      "Alias": "enrollment_2",
                                                      "Startup Cost": 0.00,
                                                      "Total Cost": 1.77,
                                                      "Plan Rows": 3,
                                                      "Plan Width": 0,
                                                      "Actual Startup Time": 0.003,
                                                      "Actual Total Time": 0.003,
                                                      "Actual Rows": 0,
                                                      "Actual Loops": 3,
                                                      "Filter": "((status = ANY ('{ACTIVE,PAUSED}'::text[])) AND (class_id = class_row.id))",
                                                      "Rows Removed by Filter": 0,
                                                      "Shared Hit Blocks": 3,
                                                      "Shared Read Blocks": 0,
                                                      "Shared Dirtied Blocks": 0,
                                                      "Shared Written Blocks": 0,
                                                      "Local Hit Blocks": 0,
                                                      "Local Read Blocks": 0,
                                                      "Local Dirtied Blocks": 0,
                                                      "Local Written Blocks": 0,
                                                      "Temp Read Blocks": 0,
                                                      "Temp Written Blocks": 0
                                                    }
                                                  ]
                                                }
                                              ]
                                            }
                                          ]
                                        }
                                      ]
                                    }
                                  ]
                                }
                              ]
                            },
                            {
                              "Node Type": "Seq Scan",
                              "Parent Relationship": "Inner",
                              "Parallel Aware": false,
                              "Async Capable": false,
                              "Relation Name": "branches",
                              "Alias": "branch",
                              "Startup Cost": 0.00,
                              "Total Cost": 1.01,
                              "Plan Rows": 1,
                              "Plan Width": 48,
                              "Actual Startup Time": 0.001,
                              "Actual Total Time": 0.001,
                              "Actual Rows": 1,
                              "Actual Loops": 3,
                              "Filter": "(id = 'b9000000-0000-4000-8000-000000000001'::uuid)",
                              "Rows Removed by Filter": 1,
                              "Shared Hit Blocks": 3,
                              "Shared Read Blocks": 0,
                              "Shared Dirtied Blocks": 0,
                              "Shared Written Blocks": 0,
                              "Local Hit Blocks": 0,
                              "Local Read Blocks": 0,
                              "Local Dirtied Blocks": 0,
                              "Local Written Blocks": 0,
                              "Temp Read Blocks": 0,
                              "Temp Written Blocks": 0
                            }
                          ]
                        },
                        {
                          "Node Type": "Seq Scan",
                          "Parent Relationship": "Inner",
                          "Parallel Aware": false,
                          "Async Capable": false,
                          "Relation Name": "courses",
                          "Alias": "course",
                          "Startup Cost": 0.00,
                          "Total Cost": 1.01,
                          "Plan Rows": 1,
                          "Plan Width": 32,
                          "Actual Startup Time": 0.001,
                          "Actual Total Time": 0.001,
                          "Actual Rows": 1,
                          "Actual Loops": 3,
                          "Shared Hit Blocks": 3,
                          "Shared Read Blocks": 0,
                          "Shared Dirtied Blocks": 0,
                          "Shared Written Blocks": 0,
                          "Local Hit Blocks": 0,
                          "Local Read Blocks": 0,
                          "Local Dirtied Blocks": 0,
                          "Local Written Blocks": 0,
                          "Temp Read Blocks": 0,
                          "Temp Written Blocks": 0
                        }
                      ]
                    },
                    {
                      "Node Type": "Seq Scan",
                      "Parent Relationship": "Inner",
                      "Parallel Aware": false,
                      "Async Capable": false,
                      "Relation Name": "curriculums",
                      "Alias": "curriculum",
                      "Startup Cost": 0.00,
                      "Total Cost": 1.05,
                      "Plan Rows": 5,
                      "Plan Width": 48,
                      "Actual Startup Time": 0.001,
                      "Actual Total Time": 0.001,
                      "Actual Rows": 2,
                      "Actual Loops": 3,
                      "Shared Hit Blocks": 3,
                      "Shared Read Blocks": 0,
                      "Shared Dirtied Blocks": 0,
                      "Shared Written Blocks": 0,
                      "Local Hit Blocks": 0,
                      "Local Read Blocks": 0,
                      "Local Dirtied Blocks": 0,
                      "Local Written Blocks": 0,
                      "Temp Read Blocks": 0,
                      "Temp Written Blocks": 0
                    }
                  ]
                }
              ]
            },
            {
              "Node Type": "Aggregate",
              "Strategy": "Plain",
              "Partial Mode": "Simple",
              "Parent Relationship": "SubPlan",
              "Subplan Name": "SubPlan 1",
              "Parallel Aware": false,
              "Async Capable": false,
              "Startup Cost": 1.77,
              "Total Cost": 1.79,
              "Plan Rows": 1,
              "Plan Width": 4,
              "Actual Startup Time": 0.002,
              "Actual Total Time": 0.002,
              "Actual Rows": 1,
              "Actual Loops": 3,
              "Shared Hit Blocks": 3,
              "Shared Read Blocks": 0,
              "Shared Dirtied Blocks": 0,
              "Shared Written Blocks": 0,
              "Local Hit Blocks": 0,
              "Local Read Blocks": 0,
              "Local Dirtied Blocks": 0,
              "Local Written Blocks": 0,
              "Temp Read Blocks": 0,
              "Temp Written Blocks": 0,
              "Plans": [
                {
                  "Node Type": "Seq Scan",
                  "Parent Relationship": "Outer",
                  "Parallel Aware": false,
                  "Async Capable": false,
                  "Relation Name": "enrollments",
                  "Alias": "enrollment",
                  "Startup Cost": 0.00,
                  "Total Cost": 1.77,
                  "Plan Rows": 3,
                  "Plan Width": 0,
                  "Actual Startup Time": 0.001,
                  "Actual Total Time": 0.001,
                  "Actual Rows": 0,
                  "Actual Loops": 3,
                  "Filter": "((status = ANY ('{ACTIVE,PAUSED}'::text[])) AND (class_id = class_row.id))",
                  "Rows Removed by Filter": 0,
                  "Shared Hit Blocks": 3,
                  "Shared Read Blocks": 0,
                  "Shared Dirtied Blocks": 0,
                  "Shared Written Blocks": 0,
                  "Local Hit Blocks": 0,
                  "Local Read Blocks": 0,
                  "Local Dirtied Blocks": 0,
                  "Local Written Blocks": 0,
                  "Temp Read Blocks": 0,
                  "Temp Written Blocks": 0
                }
              ]
            },
            {
              "Node Type": "Limit",
              "Parent Relationship": "SubPlan",
              "Subplan Name": "SubPlan 2",
              "Parallel Aware": false,
              "Async Capable": false,
              "Startup Cost": 4.01,
              "Total Cost": 4.02,
              "Plan Rows": 1,
              "Plan Width": 36,
              "Actual Startup Time": 0.011,
              "Actual Total Time": 0.011,
              "Actual Rows": 1,
              "Actual Loops": 3,
              "Shared Hit Blocks": 12,
              "Shared Read Blocks": 0,
              "Shared Dirtied Blocks": 0,
              "Shared Written Blocks": 0,
              "Local Hit Blocks": 0,
              "Local Read Blocks": 0,
              "Local Dirtied Blocks": 0,
              "Local Written Blocks": 0,
              "Temp Read Blocks": 0,
              "Temp Written Blocks": 0,
              "Plans": [
                {
                  "Node Type": "Sort",
                  "Parent Relationship": "Outer",
                  "Parallel Aware": false,
                  "Async Capable": false,
                  "Startup Cost": 4.01,
                  "Total Cost": 4.02,
                  "Plan Rows": 1,
                  "Plan Width": 36,
                  "Actual Startup Time": 0.010,
                  "Actual Total Time": 0.011,
                  "Actual Rows": 1,
                  "Actual Loops": 3,
                  "Sort Key": ["ct.assigned_at DESC"],
                  "Sort Method": "quicksort",
                  "Sort Space Used": 25,
                  "Sort Space Type": "Memory",
                  "Shared Hit Blocks": 12,
                  "Shared Read Blocks": 0,
                  "Shared Dirtied Blocks": 0,
                  "Shared Written Blocks": 0,
                  "Local Hit Blocks": 0,
                  "Local Read Blocks": 0,
                  "Local Dirtied Blocks": 0,
                  "Local Written Blocks": 0,
                  "Temp Read Blocks": 0,
                  "Temp Written Blocks": 0,
                  "Plans": [
                    {
                      "Node Type": "Nested Loop",
                      "Parent Relationship": "Outer",
                      "Parallel Aware": false,
                      "Async Capable": false,
                      "Join Type": "Left",
                      "Startup Cost": 0.00,
                      "Total Cost": 4.00,
                      "Plan Rows": 1,
                      "Plan Width": 36,
                      "Actual Startup Time": 0.006,
                      "Actual Total Time": 0.007,
                      "Actual Rows": 1,
                      "Actual Loops": 3,
                      "Inner Unique": true,
                      "Join Filter": "(profile.id = teacher.user_id)",
                      "Rows Removed by Join Filter": 3,
                      "Shared Hit Blocks": 9,
                      "Shared Read Blocks": 0,
                      "Shared Dirtied Blocks": 0,
                      "Shared Written Blocks": 0,
                      "Local Hit Blocks": 0,
                      "Local Read Blocks": 0,
                      "Local Dirtied Blocks": 0,
                      "Local Written Blocks": 0,
                      "Temp Read Blocks": 0,
                      "Temp Written Blocks": 0,
                      "Plans": [
                        {
                          "Node Type": "Nested Loop",
                          "Parent Relationship": "Outer",
                          "Parallel Aware": false,
                          "Async Capable": false,
                          "Join Type": "Inner",
                          "Startup Cost": 0.00,
                          "Total Cost": 2.94,
                          "Plan Rows": 1,
                          "Plan Width": 52,
                          "Actual Startup Time": 0.004,
                          "Actual Total Time": 0.004,
                          "Actual Rows": 1,
                          "Actual Loops": 3,
                          "Inner Unique": true,
                          "Join Filter": "(teacher.id = ct.teacher_id)",
                          "Rows Removed by Join Filter": 2,
                          "Shared Hit Blocks": 6,
                          "Shared Read Blocks": 0,
                          "Shared Dirtied Blocks": 0,
                          "Shared Written Blocks": 0,
                          "Local Hit Blocks": 0,
                          "Local Read Blocks": 0,
                          "Local Dirtied Blocks": 0,
                          "Local Written Blocks": 0,
                          "Temp Read Blocks": 0,
                          "Temp Written Blocks": 0,
                          "Plans": [
                            {
                              "Node Type": "Seq Scan",
                              "Parent Relationship": "Outer",
                              "Parallel Aware": false,
                              "Async Capable": false,
                              "Relation Name": "class_teachers",
                              "Alias": "ct",
                              "Startup Cost": 0.00,
                              "Total Cost": 1.92,
                              "Plan Rows": 1,
                              "Plan Width": 20,
                              "Actual Startup Time": 0.001,
                              "Actual Total Time": 0.002,
                              "Actual Rows": 1,
                              "Actual Loops": 3,
                              "Filter": "(is_active AND (class_id = class_row.id) AND (teacher_role = 'PRIMARY'::text))",
                              "Rows Removed by Filter": 2,
                              "Shared Hit Blocks": 3,
                              "Shared Read Blocks": 0,
                              "Shared Dirtied Blocks": 0,
                              "Shared Written Blocks": 0,
                              "Local Hit Blocks": 0,
                              "Local Read Blocks": 0,
                              "Local Dirtied Blocks": 0,
                              "Local Written Blocks": 0,
                              "Temp Read Blocks": 0,
                              "Temp Written Blocks": 0
                            },
                            {
                              "Node Type": "Seq Scan",
                              "Parent Relationship": "Inner",
                              "Parallel Aware": false,
                              "Async Capable": false,
                              "Relation Name": "teachers",
                              "Alias": "teacher",
                              "Startup Cost": 0.00,
                              "Total Cost": 1.01,
                              "Plan Rows": 1,
                              "Plan Width": 64,
                              "Actual Startup Time": 0.001,
                              "Actual Total Time": 0.001,
                              "Actual Rows": 3,
                              "Actual Loops": 3,
                              "Shared Hit Blocks": 3,
                              "Shared Read Blocks": 0,
                              "Shared Dirtied Blocks": 0,
                              "Shared Written Blocks": 0,
                              "Local Hit Blocks": 0,
                              "Local Read Blocks": 0,
                              "Local Dirtied Blocks": 0,
                              "Local Written Blocks": 0,
                              "Temp Read Blocks": 0,
                              "Temp Written Blocks": 0
                            }
                          ]
                        },
                        {
                          "Node Type": "Seq Scan",
                          "Parent Relationship": "Inner",
                          "Parallel Aware": false,
                          "Async Capable": false,
                          "Relation Name": "profiles",
                          "Alias": "profile",
                          "Startup Cost": 0.00,
                          "Total Cost": 1.03,
                          "Plan Rows": 3,
                          "Plan Width": 48,
                          "Actual Startup Time": 0.001,
                          "Actual Total Time": 0.001,
                          "Actual Rows": 3,
                          "Actual Loops": 3,
                          "Shared Hit Blocks": 3,
                          "Shared Read Blocks": 0,
                          "Shared Dirtied Blocks": 0,
                          "Shared Written Blocks": 0,
                          "Local Hit Blocks": 0,
                          "Local Read Blocks": 0,
                          "Local Dirtied Blocks": 0,
                          "Local Written Blocks": 0,
                          "Temp Read Blocks": 0,
                          "Temp Written Blocks": 0
                        }
                      ]
                    }
                  ]
                }
              ]
            },
            {
              "Node Type": "Limit",
              "Parent Relationship": "SubPlan",
              "Subplan Name": "SubPlan 3",
              "Parallel Aware": false,
              "Async Capable": false,
              "Startup Cost": 2.60,
              "Total Cost": 2.61,
              "Plan Rows": 1,
              "Plan Width": 42,
              "Actual Startup Time": 0.008,
              "Actual Total Time": 0.008,
              "Actual Rows": 1,
              "Actual Loops": 3,
              "Shared Hit Blocks": 14,
              "Shared Read Blocks": 0,
              "Shared Dirtied Blocks": 0,
              "Shared Written Blocks": 0,
              "Local Hit Blocks": 0,
              "Local Read Blocks": 0,
              "Local Dirtied Blocks": 0,
              "Local Written Blocks": 0,
              "Temp Read Blocks": 0,
              "Temp Written Blocks": 0,
              "Plans": [
                {
                  "Node Type": "Sort",
                  "Parent Relationship": "Outer",
                  "Parallel Aware": false,
                  "Async Capable": false,
                  "Startup Cost": 2.60,
                  "Total Cost": 2.61,
                  "Plan Rows": 1,
                  "Plan Width": 42,
                  "Actual Startup Time": 0.008,
                  "Actual Total Time": 0.008,
                  "Actual Rows": 1,
                  "Actual Loops": 3,
                  "Sort Key": ["schedule.day_of_week", "schedule.start_time"],
                  "Sort Method": "quicksort",
                  "Sort Space Used": 25,
                  "Sort Space Type": "Memory",
                  "Shared Hit Blocks": 14,
                  "Shared Read Blocks": 0,
                  "Shared Dirtied Blocks": 0,
                  "Shared Written Blocks": 0,
                  "Local Hit Blocks": 0,
                  "Local Read Blocks": 0,
                  "Local Dirtied Blocks": 0,
                  "Local Written Blocks": 0,
                  "Temp Read Blocks": 0,
                  "Temp Written Blocks": 0,
                  "Plans": [
                    {
                      "Node Type": "Nested Loop",
                      "Parent Relationship": "Outer",
                      "Parallel Aware": false,
                      "Async Capable": false,
                      "Join Type": "Left",
                      "Startup Cost": 0.00,
                      "Total Cost": 2.59,
                      "Plan Rows": 1,
                      "Plan Width": 42,
                      "Actual Startup Time": 0.004,
                      "Actual Total Time": 0.004,
                      "Actual Rows": 1,
                      "Actual Loops": 3,
                      "Inner Unique": true,
                      "Join Filter": "(room.id = schedule.room_id)",
                      "Rows Removed by Join Filter": 1,
                      "Shared Hit Blocks": 6,
                      "Shared Read Blocks": 0,
                      "Shared Dirtied Blocks": 0,
                      "Shared Written Blocks": 0,
                      "Local Hit Blocks": 0,
                      "Local Read Blocks": 0,
                      "Local Dirtied Blocks": 0,
                      "Local Written Blocks": 0,
                      "Temp Read Blocks": 0,
                      "Temp Written Blocks": 0,
                      "Plans": [
                        {
                          "Node Type": "Seq Scan",
                          "Parent Relationship": "Outer",
                          "Parallel Aware": false,
                          "Async Capable": false,
                          "Relation Name": "schedules",
                          "Alias": "schedule",
                          "Startup Cost": 0.00,
                          "Total Cost": 1.57,
                          "Plan Rows": 1,
                          "Plan Width": 26,
                          "Actual Startup Time": 0.001,
                          "Actual Total Time": 0.002,
                          "Actual Rows": 1,
                          "Actual Loops": 3,
                          "Filter": "((class_id = class_row.id) AND (status = 'ACTIVE'::text))",
                          "Rows Removed by Filter": 2,
                          "Shared Hit Blocks": 3,
                          "Shared Read Blocks": 0,
                          "Shared Dirtied Blocks": 0,
                          "Shared Written Blocks": 0,
                          "Local Hit Blocks": 0,
                          "Local Read Blocks": 0,
                          "Local Dirtied Blocks": 0,
                          "Local Written Blocks": 0,
                          "Temp Read Blocks": 0,
                          "Temp Written Blocks": 0
                        },
                        {
                          "Node Type": "Seq Scan",
                          "Parent Relationship": "Inner",
                          "Parallel Aware": false,
                          "Async Capable": false,
                          "Relation Name": "rooms",
                          "Alias": "room",
                          "Startup Cost": 0.00,
                          "Total Cost": 1.01,
                          "Plan Rows": 1,
                          "Plan Width": 48,
                          "Actual Startup Time": 0.001,
                          "Actual Total Time": 0.001,
                          "Actual Rows": 2,
                          "Actual Loops": 3,
                          "Shared Hit Blocks": 3,
                          "Shared Read Blocks": 0,
                          "Shared Dirtied Blocks": 0,
                          "Shared Written Blocks": 0,
                          "Local Hit Blocks": 0,
                          "Local Read Blocks": 0,
                          "Local Dirtied Blocks": 0,
                          "Local Written Blocks": 0,
                          "Temp Read Blocks": 0,
                          "Temp Written Blocks": 0
                        }
                      ]
                    }
                  ]
                }
              ]
            },
            {
              "Node Type": "Aggregate",
              "Strategy": "Plain",
              "Partial Mode": "Simple",
              "Parent Relationship": "SubPlan",
              "Subplan Name": "SubPlan 4",
              "Parallel Aware": false,
              "Async Capable": false,
              "Startup Cost": 1.62,
              "Total Cost": 1.63,
              "Plan Rows": 1,
              "Plan Width": 32,
              "Actual Startup Time": 0.024,
              "Actual Total Time": 0.024,
              "Actual Rows": 1,
              "Actual Loops": 3,
              "Shared Hit Blocks": 3,
              "Shared Read Blocks": 0,
              "Shared Dirtied Blocks": 0,
              "Shared Written Blocks": 0,
              "Local Hit Blocks": 0,
              "Local Read Blocks": 0,
              "Local Dirtied Blocks": 0,
              "Local Written Blocks": 0,
              "Temp Read Blocks": 0,
              "Temp Written Blocks": 0,
              "Plans": [
                {
                  "Node Type": "Sort",
                  "Parent Relationship": "Outer",
                  "Parallel Aware": false,
                  "Async Capable": false,
                  "Startup Cost": 1.58,
                  "Total Cost": 1.58,
                  "Plan Rows": 1,
                  "Plan Width": 18,
                  "Actual Startup Time": 0.003,
                  "Actual Total Time": 0.003,
                  "Actual Rows": 1,
                  "Actual Loops": 3,
                  "Sort Key": ["schedule_1.day_of_week", "schedule_1.start_time"],
                  "Sort Method": "quicksort",
                  "Sort Space Used": 25,
                  "Sort Space Type": "Memory",
                  "Shared Hit Blocks": 3,
                  "Shared Read Blocks": 0,
                  "Shared Dirtied Blocks": 0,
                  "Shared Written Blocks": 0,
                  "Local Hit Blocks": 0,
                  "Local Read Blocks": 0,
                  "Local Dirtied Blocks": 0,
                  "Local Written Blocks": 0,
                  "Temp Read Blocks": 0,
                  "Temp Written Blocks": 0,
                  "Plans": [
                    {
                      "Node Type": "Seq Scan",
                      "Parent Relationship": "Outer",
                      "Parallel Aware": false,
                      "Async Capable": false,
                      "Relation Name": "schedules",
                      "Alias": "schedule_1",
                      "Startup Cost": 0.00,
                      "Total Cost": 1.57,
                      "Plan Rows": 1,
                      "Plan Width": 18,
                      "Actual Startup Time": 0.001,
                      "Actual Total Time": 0.001,
                      "Actual Rows": 1,
                      "Actual Loops": 3,
                      "Filter": "((class_id = class_row.id) AND (status = 'ACTIVE'::text))",
                      "Rows Removed by Filter": 2,
                      "Shared Hit Blocks": 3,
                      "Shared Read Blocks": 0,
                      "Shared Dirtied Blocks": 0,
                      "Shared Written Blocks": 0,
                      "Local Hit Blocks": 0,
                      "Local Read Blocks": 0,
                      "Local Dirtied Blocks": 0,
                      "Local Written Blocks": 0,
                      "Temp Read Blocks": 0,
                      "Temp Written Blocks": 0
                    }
                  ]
                }
              ]
            },
            {
              "Node Type": "Limit",
              "Parent Relationship": "SubPlan",
              "Subplan Name": "SubPlan 5",
              "Parallel Aware": false,
              "Async Capable": false,
              "Startup Cost": 1.59,
              "Total Cost": 1.59,
              "Plan Rows": 1,
              "Plan Width": 14,
              "Actual Startup Time": 0.005,
              "Actual Total Time": 0.005,
              "Actual Rows": 1,
              "Actual Loops": 3,
              "Shared Hit Blocks": 3,
              "Shared Read Blocks": 0,
              "Shared Dirtied Blocks": 0,
              "Shared Written Blocks": 0,
              "Local Hit Blocks": 0,
              "Local Read Blocks": 0,
              "Local Dirtied Blocks": 0,
              "Local Written Blocks": 0,
              "Temp Read Blocks": 0,
              "Temp Written Blocks": 0,
              "Plans": [
                {
                  "Node Type": "Sort",
                  "Parent Relationship": "Outer",
                  "Parallel Aware": false,
                  "Async Capable": false,
                  "Startup Cost": 1.59,
                  "Total Cost": 1.59,
                  "Plan Rows": 1,
                  "Plan Width": 14,
                  "Actual Startup Time": 0.005,
                  "Actual Total Time": 0.005,
                  "Actual Rows": 1,
                  "Actual Loops": 3,
                  "Sort Key": ["schedule_2.day_of_week", "schedule_2.start_time"],
                  "Sort Method": "quicksort",
                  "Sort Space Used": 25,
                  "Sort Space Type": "Memory",
                  "Shared Hit Blocks": 3,
                  "Shared Read Blocks": 0,
                  "Shared Dirtied Blocks": 0,
                  "Shared Written Blocks": 0,
                  "Local Hit Blocks": 0,
                  "Local Read Blocks": 0,
                  "Local Dirtied Blocks": 0,
                  "Local Written Blocks": 0,
                  "Temp Read Blocks": 0,
                  "Temp Written Blocks": 0,
                  "Plans": [
                    {
                      "Node Type": "Seq Scan",
                      "Parent Relationship": "Outer",
                      "Parallel Aware": false,
                      "Async Capable": false,
                      "Relation Name": "schedules",
                      "Alias": "schedule_2",
                      "Startup Cost": 0.00,
                      "Total Cost": 1.58,
                      "Plan Rows": 1,
                      "Plan Width": 14,
                      "Actual Startup Time": 0.003,
                      "Actual Total Time": 0.004,
                      "Actual Rows": 1,
                      "Actual Loops": 3,
                      "Filter": "((class_id = class_row.id) AND (status = 'ACTIVE'::text))",
                      "Rows Removed by Filter": 2,
                      "Shared Hit Blocks": 3,
                      "Shared Read Blocks": 0,
                      "Shared Dirtied Blocks": 0,
                      "Shared Written Blocks": 0,
                      "Local Hit Blocks": 0,
                      "Local Read Blocks": 0,
                      "Local Dirtied Blocks": 0,
                      "Local Written Blocks": 0,
                      "Temp Read Blocks": 0,
                      "Temp Written Blocks": 0
                    }
                  ]
                }
              ]
            },
            {
              "Node Type": "Aggregate",
              "Strategy": "Plain",
              "Partial Mode": "Simple",
              "Parent Relationship": "SubPlan",
              "Subplan Name": "SubPlan 6",
              "Parallel Aware": false,
              "Async Capable": false,
              "Startup Cost": 1.77,
              "Total Cost": 1.79,
              "Plan Rows": 1,
              "Plan Width": 4,
              "Actual Startup Time": 0.002,
              "Actual Total Time": 0.002,
              "Actual Rows": 1,
              "Actual Loops": 3,
              "Shared Hit Blocks": 3,
              "Shared Read Blocks": 0,
              "Shared Dirtied Blocks": 0,
              "Shared Written Blocks": 0,
              "Local Hit Blocks": 0,
              "Local Read Blocks": 0,
              "Local Dirtied Blocks": 0,
              "Local Written Blocks": 0,
              "Temp Read Blocks": 0,
              "Temp Written Blocks": 0,
              "Plans": [
                {
                  "Node Type": "Seq Scan",
                  "Parent Relationship": "Outer",
                  "Parallel Aware": false,
                  "Async Capable": false,
                  "Relation Name": "enrollments",
                  "Alias": "enrollment_1",
                  "Startup Cost": 0.00,
                  "Total Cost": 1.77,
                  "Plan Rows": 3,
                  "Plan Width": 0,
                  "Actual Startup Time": 0.001,
                  "Actual Total Time": 0.001,
                  "Actual Rows": 0,
                  "Actual Loops": 3,
                  "Filter": "((status = ANY ('{ACTIVE,PAUSED}'::text[])) AND (class_id = class_row.id))",
                  "Rows Removed by Filter": 0,
                  "Shared Hit Blocks": 3,
                  "Shared Read Blocks": 0,
                  "Shared Dirtied Blocks": 0,
                  "Shared Written Blocks": 0,
                  "Local Hit Blocks": 0,
                  "Local Read Blocks": 0,
                  "Local Dirtied Blocks": 0,
                  "Local Written Blocks": 0,
                  "Temp Read Blocks": 0,
                  "Temp Written Blocks": 0
                }
              ]
            }
          ]
        }
      ]
    },
    "Planning": {
      "Shared Hit Blocks": 306,
      "Shared Read Blocks": 0,
      "Shared Dirtied Blocks": 0,
      "Shared Written Blocks": 0,
      "Local Hit Blocks": 0,
      "Local Read Blocks": 0,
      "Local Dirtied Blocks": 0,
      "Local Written Blocks": 0,
      "Temp Read Blocks": 0,
      "Temp Written Blocks": 0
    },
    "Planning Time": 1.603,
    "Triggers": [
    ],
    "Execution Time": 2.614
  }
]
AFTER_PLAN
[
  {
    "Plan": {
      "Node Type": "Sort",
      "Parallel Aware": false,
      "Async Capable": false,
      "Startup Cost": 36.27,
      "Total Cost": 36.28,
      "Plan Rows": 1,
      "Plan Width": 352,
      "Actual Startup Time": 2.350,
      "Actual Total Time": 2.357,
      "Actual Rows": 3,
      "Actual Loops": 1,
      "Sort Key": ["class_row.name", "class_row.id"],
      "Sort Method": "quicksort",
      "Sort Space Used": 25,
      "Sort Space Type": "Memory",
      "Shared Hit Blocks": 64,
      "Shared Read Blocks": 0,
      "Shared Dirtied Blocks": 0,
      "Shared Written Blocks": 0,
      "Local Hit Blocks": 0,
      "Local Read Blocks": 0,
      "Local Dirtied Blocks": 0,
      "Local Written Blocks": 0,
      "Temp Read Blocks": 0,
      "Temp Written Blocks": 0,
      "Plans": [
        {
          "Node Type": "Nested Loop",
          "Parent Relationship": "Outer",
          "Parallel Aware": false,
          "Async Capable": false,
          "Join Type": "Inner",
          "Startup Cost": 13.87,
          "Total Cost": 36.26,
          "Plan Rows": 1,
          "Plan Width": 352,
          "Actual Startup Time": 2.207,
          "Actual Total Time": 2.311,
          "Actual Rows": 3,
          "Actual Loops": 1,
          "Inner Unique": true,
          "Join Filter": "(course.curriculum_id = curriculum.id)",
          "Rows Removed by Join Filter": 3,
          "Shared Hit Blocks": 61,
          "Shared Read Blocks": 0,
          "Shared Dirtied Blocks": 0,
          "Shared Written Blocks": 0,
          "Local Hit Blocks": 0,
          "Local Read Blocks": 0,
          "Local Dirtied Blocks": 0,
          "Local Written Blocks": 0,
          "Temp Read Blocks": 0,
          "Temp Written Blocks": 0,
          "Plans": [
            {
              "Node Type": "Nested Loop",
              "Parent Relationship": "Outer",
              "Parallel Aware": false,
              "Async Capable": false,
              "Join Type": "Inner",
              "Startup Cost": 13.87,
              "Total Cost": 18.53,
              "Plan Rows": 1,
              "Plan Width": 248,
              "Actual Startup Time": 2.131,
              "Actual Total Time": 2.155,
              "Actual Rows": 3,
              "Actual Loops": 1,
              "Inner Unique": true,
              "Join Filter": "(class_row.course_id = course.id)",
              "Rows Removed by Join Filter": 0,
              "Shared Hit Blocks": 34,
              "Shared Read Blocks": 0,
              "Shared Dirtied Blocks": 0,
              "Shared Written Blocks": 0,
              "Local Hit Blocks": 0,
              "Local Read Blocks": 0,
              "Local Dirtied Blocks": 0,
              "Local Written Blocks": 0,
              "Temp Read Blocks": 0,
              "Temp Written Blocks": 0,
              "Plans": [
                {
                  "Node Type": "Nested Loop",
                  "Parent Relationship": "Outer",
                  "Parallel Aware": false,
                  "Async Capable": false,
                  "Join Type": "Inner",
                  "Startup Cost": 13.87,
                  "Total Cost": 17.51,
                  "Plan Rows": 1,
                  "Plan Width": 232,
                  "Actual Startup Time": 2.128,
                  "Actual Total Time": 2.149,
                  "Actual Rows": 3,
                  "Actual Loops": 1,
                  "Inner Unique": false,
                  "Shared Hit Blocks": 31,
                  "Shared Read Blocks": 0,
                  "Shared Dirtied Blocks": 0,
                  "Shared Written Blocks": 0,
                  "Local Hit Blocks": 0,
                  "Local Read Blocks": 0,
                  "Local Dirtied Blocks": 0,
                  "Local Written Blocks": 0,
                  "Temp Read Blocks": 0,
                  "Temp Written Blocks": 0,
                  "Plans": [
                    {
                      "Node Type": "Nested Loop",
                      "Parent Relationship": "Outer",
                      "Parallel Aware": false,
                      "Async Capable": false,
                      "Join Type": "Left",
                      "Startup Cost": 13.87,
                      "Total Cost": 16.48,
                      "Plan Rows": 1,
                      "Plan Width": 200,
                      "Actual Startup Time": 2.125,
                      "Actual Total Time": 2.141,
                      "Actual Rows": 3,
                      "Actual Loops": 1,
                      "Inner Unique": true,
                      "Join Filter": "(enrollment.class_id = class_row.id)",
                      "Rows Removed by Join Filter": 0,
                      "Shared Hit Blocks": 28,
                      "Shared Read Blocks": 0,
                      "Shared Dirtied Blocks": 0,
                      "Shared Written Blocks": 0,
                      "Local Hit Blocks": 0,
                      "Local Read Blocks": 0,
                      "Local Dirtied Blocks": 0,
                      "Local Written Blocks": 0,
                      "Temp Read Blocks": 0,
                      "Temp Written Blocks": 0,
                      "Plans": [
                        {
                          "Node Type": "Hash Join",
                          "Parent Relationship": "Outer",
                          "Parallel Aware": false,
                          "Async Capable": false,
                          "Join Type": "Right",
                          "Startup Cost": 10.71,
                          "Total Cost": 13.24,
                          "Plan Rows": 1,
                          "Plan Width": 196,
                          "Actual Startup Time": 2.117,
                          "Actual Total Time": 2.131,
                          "Actual Rows": 3,
                          "Actual Loops": 1,
                          "Inner Unique": false,
                          "Hash Cond": "(to_level.id = class_row.accepted_to_level_id)",
                          "Shared Hit Blocks": 27,
                          "Shared Read Blocks": 0,
                          "Shared Dirtied Blocks": 0,
                          "Shared Written Blocks": 0,
                          "Local Hit Blocks": 0,
                          "Local Read Blocks": 0,
                          "Local Dirtied Blocks": 0,
                          "Local Written Blocks": 0,
                          "Temp Read Blocks": 0,
                          "Temp Written Blocks": 0,
                          "Plans": [
                            {
                              "Node Type": "Seq Scan",
                              "Parent Relationship": "Outer",
                              "Parallel Aware": false,
                              "Async Capable": false,
                              "Relation Name": "curriculum_levels",
                              "Alias": "to_level",
                              "Startup Cost": 0.00,
                              "Total Cost": 2.38,
                              "Plan Rows": 38,
                              "Plan Width": 24,
                              "Actual Startup Time": 0.002,
                              "Actual Total Time": 0.005,
                              "Actual Rows": 37,
                              "Actual Loops": 1,
                              "Shared Hit Blocks": 2,
                              "Shared Read Blocks": 0,
                              "Shared Dirtied Blocks": 0,
                              "Shared Written Blocks": 0,
                              "Local Hit Blocks": 0,
                              "Local Read Blocks": 0,
                              "Local Dirtied Blocks": 0,
                              "Local Written Blocks": 0,
                              "Temp Read Blocks": 0,
                              "Temp Written Blocks": 0
                            },
                            {
                              "Node Type": "Hash",
                              "Parent Relationship": "Inner",
                              "Parallel Aware": false,
                              "Async Capable": false,
                              "Startup Cost": 10.70,
                              "Total Cost": 10.70,
                              "Plan Rows": 1,
                              "Plan Width": 188,
                              "Actual Startup Time": 2.112,
                              "Actual Total Time": 2.113,
                              "Actual Rows": 3,
                              "Actual Loops": 1,
                              "Hash Buckets": 1024,
                              "Original Hash Buckets": 1024,
                              "Hash Batches": 1,
                              "Original Hash Batches": 1,
                              "Peak Memory Usage": 9,
                              "Shared Hit Blocks": 25,
                              "Shared Read Blocks": 0,
                              "Shared Dirtied Blocks": 0,
                              "Shared Written Blocks": 0,
                              "Local Hit Blocks": 0,
                              "Local Read Blocks": 0,
                              "Local Dirtied Blocks": 0,
                              "Local Written Blocks": 0,
                              "Temp Read Blocks": 0,
                              "Temp Written Blocks": 0,
                              "Plans": [
                                {
                                  "Node Type": "Hash Join",
                                  "Parent Relationship": "Outer",
                                  "Parallel Aware": false,
                                  "Async Capable": false,
                                  "Join Type": "Right",
                                  "Startup Cost": 8.17,
                                  "Total Cost": 10.70,
                                  "Plan Rows": 1,
                                  "Plan Width": 188,
                                  "Actual Startup Time": 2.098,
                                  "Actual Total Time": 2.111,
                                  "Actual Rows": 3,
                                  "Actual Loops": 1,
                                  "Inner Unique": false,
                                  "Hash Cond": "(from_level.id = class_row.accepted_from_level_id)",
                                  "Shared Hit Blocks": 25,
                                  "Shared Read Blocks": 0,
                                  "Shared Dirtied Blocks": 0,
                                  "Shared Written Blocks": 0,
                                  "Local Hit Blocks": 0,
                                  "Local Read Blocks": 0,
                                  "Local Dirtied Blocks": 0,
                                  "Local Written Blocks": 0,
                                  "Temp Read Blocks": 0,
                                  "Temp Written Blocks": 0,
                                  "Plans": [
                                    {
                                      "Node Type": "Seq Scan",
                                      "Parent Relationship": "Outer",
                                      "Parallel Aware": false,
                                      "Async Capable": false,
                                      "Relation Name": "curriculum_levels",
                                      "Alias": "from_level",
                                      "Startup Cost": 0.00,
                                      "Total Cost": 2.38,
                                      "Plan Rows": 38,
                                      "Plan Width": 24,
                                      "Actual Startup Time": 0.003,
                                      "Actual Total Time": 0.007,
                                      "Actual Rows": 37,
                                      "Actual Loops": 1,
                                      "Shared Hit Blocks": 2,
                                      "Shared Read Blocks": 0,
                                      "Shared Dirtied Blocks": 0,
                                      "Shared Written Blocks": 0,
                                      "Local Hit Blocks": 0,
                                      "Local Read Blocks": 0,
                                      "Local Dirtied Blocks": 0,
                                      "Local Written Blocks": 0,
                                      "Temp Read Blocks": 0,
                                      "Temp Written Blocks": 0
                                    },
                                    {
                                      "Node Type": "Hash",
                                      "Parent Relationship": "Inner",
                                      "Parallel Aware": false,
                                      "Async Capable": false,
                                      "Startup Cost": 8.16,
                                      "Total Cost": 8.16,
                                      "Plan Rows": 1,
                                      "Plan Width": 180,
                                      "Actual Startup Time": 2.092,
                                      "Actual Total Time": 2.092,
                                      "Actual Rows": 3,
                                      "Actual Loops": 1,
                                      "Hash Buckets": 1024,
                                      "Original Hash Buckets": 1024,
                                      "Hash Batches": 1,
                                      "Original Hash Batches": 1,
                                      "Peak Memory Usage": 9,
                                      "Shared Hit Blocks": 23,
                                      "Shared Read Blocks": 0,
                                      "Shared Dirtied Blocks": 0,
                                      "Shared Written Blocks": 0,
                                      "Local Hit Blocks": 0,
                                      "Local Read Blocks": 0,
                                      "Local Dirtied Blocks": 0,
                                      "Local Written Blocks": 0,
                                      "Temp Read Blocks": 0,
                                      "Temp Written Blocks": 0,
                                      "Plans": [
                                        {
                                          "Node Type": "Seq Scan",
                                          "Parent Relationship": "Outer",
                                          "Parallel Aware": false,
                                          "Async Capable": false,
                                          "Relation Name": "classes",
                                          "Alias": "class_row",
                                          "Startup Cost": 0.00,
                                          "Total Cost": 8.16,
                                          "Plan Rows": 1,
                                          "Plan Width": 180,
                                          "Actual Startup Time": 0.961,
                                          "Actual Total Time": 2.088,
                                          "Actual Rows": 3,
                                          "Actual Loops": 1,
                                          "Filter": "((branch_id = 'b9000000-0000-4000-8000-000000000001'::uuid) AND (status = 'ACTIVE'::text) AND registration_can('student_placement.view'::text, branch_id))",
                                          "Rows Removed by Filter": 0,
                                          "Shared Hit Blocks": 23,
                                          "Shared Read Blocks": 0,
                                          "Shared Dirtied Blocks": 0,
                                          "Shared Written Blocks": 0,
                                          "Local Hit Blocks": 0,
                                          "Local Read Blocks": 0,
                                          "Local Dirtied Blocks": 0,
                                          "Local Written Blocks": 0,
                                          "Temp Read Blocks": 0,
                                          "Temp Written Blocks": 0
                                        }
                                      ]
                                    }
                                  ]
                                }
                              ]
                            }
                          ]
                        },
                        {
                          "Node Type": "Aggregate",
                          "Strategy": "Sorted",
                          "Partial Mode": "Simple",
                          "Parent Relationship": "Inner",
                          "Parallel Aware": false,
                          "Async Capable": false,
                          "Startup Cost": 3.15,
                          "Total Cost": 3.19,
                          "Plan Rows": 2,
                          "Plan Width": 20,
                          "Actual Startup Time": 0.002,
                          "Actual Total Time": 0.002,
                          "Actual Rows": 0,
                          "Actual Loops": 3,
                          "Group Key": ["enrollment.class_id"],
                          "Shared Hit Blocks": 1,
                          "Shared Read Blocks": 0,
                          "Shared Dirtied Blocks": 0,
                          "Shared Written Blocks": 0,
                          "Local Hit Blocks": 0,
                          "Local Read Blocks": 0,
                          "Local Dirtied Blocks": 0,
                          "Local Written Blocks": 0,
                          "Temp Read Blocks": 0,
                          "Temp Written Blocks": 0,
                          "Plans": [
                            {
                              "Node Type": "Sort",
                              "Parent Relationship": "Outer",
                              "Parallel Aware": false,
                              "Async Capable": false,
                              "Startup Cost": 3.15,
                              "Total Cost": 3.16,
                              "Plan Rows": 2,
                              "Plan Width": 16,
                              "Actual Startup Time": 0.002,
                              "Actual Total Time": 0.002,
                              "Actual Rows": 0,
                              "Actual Loops": 3,
                              "Sort Key": ["enrollment.class_id"],
                              "Sort Method": "quicksort",
                              "Sort Space Used": 25,
                              "Sort Space Type": "Memory",
                              "Shared Hit Blocks": 1,
                              "Shared Read Blocks": 0,
                              "Shared Dirtied Blocks": 0,
                              "Shared Written Blocks": 0,
                              "Local Hit Blocks": 0,
                              "Local Read Blocks": 0,
                              "Local Dirtied Blocks": 0,
                              "Local Written Blocks": 0,
                              "Temp Read Blocks": 0,
                              "Temp Written Blocks": 0,
                              "Plans": [
                                {
                                  "Node Type": "Hash Join",
                                  "Parent Relationship": "Outer",
                                  "Parallel Aware": false,
                                  "Async Capable": false,
                                  "Join Type": "Inner",
                                  "Startup Cost": 1.35,
                                  "Total Cost": 3.14,
                                  "Plan Rows": 2,
                                  "Plan Width": 16,
                                  "Actual Startup Time": 0.003,
                                  "Actual Total Time": 0.004,
                                  "Actual Rows": 0,
                                  "Actual Loops": 1,
                                  "Inner Unique": true,
                                  "Hash Cond": "(enrollment.class_id = c.id)",
                                  "Shared Hit Blocks": 1,
                                  "Shared Read Blocks": 0,
                                  "Shared Dirtied Blocks": 0,
                                  "Shared Written Blocks": 0,
                                  "Local Hit Blocks": 0,
                                  "Local Read Blocks": 0,
                                  "Local Dirtied Blocks": 0,
                                  "Local Written Blocks": 0,
                                  "Temp Read Blocks": 0,
                                  "Temp Written Blocks": 0,
                                  "Plans": [
                                    {
                                      "Node Type": "Seq Scan",
                                      "Parent Relationship": "Outer",
                                      "Parallel Aware": false,
                                      "Async Capable": false,
                                      "Relation Name": "enrollments",
                                      "Alias": "enrollment",
                                      "Startup Cost": 0.00,
                                      "Total Cost": 1.64,
                                      "Plan Rows": 51,
                                      "Plan Width": 16,
                                      "Actual Startup Time": 0.003,
                                      "Actual Total Time": 0.003,
                                      "Actual Rows": 0,
                                      "Actual Loops": 1,
                                      "Filter": "(status = ANY ('{ACTIVE,PAUSED}'::text[]))",
                                      "Rows Removed by Filter": 0,
                                      "Shared Hit Blocks": 1,
                                      "Shared Read Blocks": 0,
                                      "Shared Dirtied Blocks": 0,
                                      "Shared Written Blocks": 0,
                                      "Local Hit Blocks": 0,
                                      "Local Read Blocks": 0,
                                      "Local Dirtied Blocks": 0,
                                      "Local Written Blocks": 0,
                                      "Temp Read Blocks": 0,
                                      "Temp Written Blocks": 0
                                    },
                                    {
                                      "Node Type": "Hash",
                                      "Parent Relationship": "Inner",
                                      "Parallel Aware": false,
                                      "Async Capable": false,
                                      "Startup Cost": 1.34,
                                      "Total Cost": 1.34,
                                      "Plan Rows": 1,
                                      "Plan Width": 16,
                                      "Actual Startup Time": 0.000,
                                      "Actual Total Time": 0.000,
                                      "Actual Rows": 0,
                                      "Actual Loops": 0,
                                      "Shared Hit Blocks": 0,
                                      "Shared Read Blocks": 0,
                                      "Shared Dirtied Blocks": 0,
                                      "Shared Written Blocks": 0,
                                      "Local Hit Blocks": 0,
                                      "Local Read Blocks": 0,
                                      "Local Dirtied Blocks": 0,
                                      "Local Written Blocks": 0,
                                      "Temp Read Blocks": 0,
                                      "Temp Written Blocks": 0,
                                      "Plans": [
                                        {
                                          "Node Type": "Seq Scan",
                                          "Parent Relationship": "Outer",
                                          "Parallel Aware": false,
                                          "Async Capable": false,
                                          "Relation Name": "classes",
                                          "Alias": "c",
                                          "Startup Cost": 0.00,
                                          "Total Cost": 1.34,
                                          "Plan Rows": 1,
                                          "Plan Width": 16,
                                          "Actual Startup Time": 0.000,
                                          "Actual Total Time": 0.000,
                                          "Actual Rows": 0,
                                          "Actual Loops": 0,
                                          "Filter": "(branch_id = 'b9000000-0000-4000-8000-000000000001'::uuid)",
                                          "Rows Removed by Filter": 0,
                                          "Shared Hit Blocks": 0,
                                          "Shared Read Blocks": 0,
                                          "Shared Dirtied Blocks": 0,
                                          "Shared Written Blocks": 0,
                                          "Local Hit Blocks": 0,
                                          "Local Read Blocks": 0,
                                          "Local Dirtied Blocks": 0,
                                          "Local Written Blocks": 0,
                                          "Temp Read Blocks": 0,
                                          "Temp Written Blocks": 0
                                        }
                                      ]
                                    }
                                  ]
                                }
                              ]
                            }
                          ]
                        }
                      ]
                    },
                    {
                      "Node Type": "Seq Scan",
                      "Parent Relationship": "Inner",
                      "Parallel Aware": false,
                      "Async Capable": false,
                      "Relation Name": "branches",
                      "Alias": "branch",
                      "Startup Cost": 0.00,
                      "Total Cost": 1.01,
                      "Plan Rows": 1,
                      "Plan Width": 48,
                      "Actual Startup Time": 0.001,
                      "Actual Total Time": 0.001,
                      "Actual Rows": 1,
                      "Actual Loops": 3,
                      "Filter": "(id = 'b9000000-0000-4000-8000-000000000001'::uuid)",
                      "Rows Removed by Filter": 1,
                      "Shared Hit Blocks": 3,
                      "Shared Read Blocks": 0,
                      "Shared Dirtied Blocks": 0,
                      "Shared Written Blocks": 0,
                      "Local Hit Blocks": 0,
                      "Local Read Blocks": 0,
                      "Local Dirtied Blocks": 0,
                      "Local Written Blocks": 0,
                      "Temp Read Blocks": 0,
                      "Temp Written Blocks": 0
                    }
                  ]
                },
                {
                  "Node Type": "Seq Scan",
                  "Parent Relationship": "Inner",
                  "Parallel Aware": false,
                  "Async Capable": false,
                  "Relation Name": "courses",
                  "Alias": "course",
                  "Startup Cost": 0.00,
                  "Total Cost": 1.01,
                  "Plan Rows": 1,
                  "Plan Width": 32,
                  "Actual Startup Time": 0.001,
                  "Actual Total Time": 0.001,
                  "Actual Rows": 1,
                  "Actual Loops": 3,
                  "Shared Hit Blocks": 3,
                  "Shared Read Blocks": 0,
                  "Shared Dirtied Blocks": 0,
                  "Shared Written Blocks": 0,
                  "Local Hit Blocks": 0,
                  "Local Read Blocks": 0,
                  "Local Dirtied Blocks": 0,
                  "Local Written Blocks": 0,
                  "Temp Read Blocks": 0,
                  "Temp Written Blocks": 0
                }
              ]
            },
            {
              "Node Type": "Seq Scan",
              "Parent Relationship": "Inner",
              "Parallel Aware": false,
              "Async Capable": false,
              "Relation Name": "curriculums",
              "Alias": "curriculum",
              "Startup Cost": 0.00,
              "Total Cost": 1.05,
              "Plan Rows": 5,
              "Plan Width": 48,
              "Actual Startup Time": 0.001,
              "Actual Total Time": 0.001,
              "Actual Rows": 2,
              "Actual Loops": 3,
              "Shared Hit Blocks": 3,
              "Shared Read Blocks": 0,
              "Shared Dirtied Blocks": 0,
              "Shared Written Blocks": 0,
              "Local Hit Blocks": 0,
              "Local Read Blocks": 0,
              "Local Dirtied Blocks": 0,
              "Local Written Blocks": 0,
              "Temp Read Blocks": 0,
              "Temp Written Blocks": 0
            },
            {
              "Node Type": "Aggregate",
              "Strategy": "Plain",
              "Partial Mode": "Simple",
              "Parent Relationship": "SubPlan",
              "Subplan Name": "SubPlan 1",
              "Parallel Aware": false,
              "Async Capable": false,
              "Startup Cost": 10.76,
              "Total Cost": 10.77,
              "Plan Rows": 1,
              "Plan Width": 32,
              "Actual Startup Time": 0.028,
              "Actual Total Time": 0.029,
              "Actual Rows": 1,
              "Actual Loops": 3,
              "Filter": "(count(*) = 1)",
              "Rows Removed by Filter": 0,
              "Shared Hit Blocks": 12,
              "Shared Read Blocks": 0,
              "Shared Dirtied Blocks": 0,
              "Shared Written Blocks": 0,
              "Local Hit Blocks": 0,
              "Local Read Blocks": 0,
              "Local Dirtied Blocks": 0,
              "Local Written Blocks": 0,
              "Temp Read Blocks": 0,
              "Temp Written Blocks": 0,
              "Plans": [
                {
                  "Node Type": "Nested Loop",
                  "Parent Relationship": "Outer",
                  "Parallel Aware": false,
                  "Async Capable": false,
                  "Join Type": "Left",
                  "Startup Cost": 0.14,
                  "Total Cost": 10.75,
                  "Plan Rows": 1,
                  "Plan Width": 64,
                  "Actual Startup Time": 0.026,
                  "Actual Total Time": 0.027,
                  "Actual Rows": 1,
                  "Actual Loops": 3,
                  "Inner Unique": true,
                  "Join Filter": "(profile.id = teacher.user_id)",
                  "Rows Removed by Join Filter": 3,
                  "Shared Hit Blocks": 12,
                  "Shared Read Blocks": 0,
                  "Shared Dirtied Blocks": 0,
                  "Shared Written Blocks": 0,
                  "Local Hit Blocks": 0,
                  "Local Read Blocks": 0,
                  "Local Dirtied Blocks": 0,
                  "Local Written Blocks": 0,
                  "Temp Read Blocks": 0,
                  "Temp Written Blocks": 0,
                  "Plans": [
                    {
                      "Node Type": "Nested Loop",
                      "Parent Relationship": "Outer",
                      "Parallel Aware": false,
                      "Async Capable": false,
                      "Join Type": "Inner",
                      "Startup Cost": 0.14,
                      "Total Cost": 9.69,
                      "Plan Rows": 1,
                      "Plan Width": 48,
                      "Actual Startup Time": 0.023,
                      "Actual Total Time": 0.024,
                      "Actual Rows": 1,
                      "Actual Loops": 3,
                      "Inner Unique": true,
                      "Join Filter": "(teacher.id = ct.teacher_id)",
                      "Rows Removed by Join Filter": 2,
                      "Shared Hit Blocks": 9,
                      "Shared Read Blocks": 0,
                      "Shared Dirtied Blocks": 0,
                      "Shared Written Blocks": 0,
                      "Local Hit Blocks": 0,
                      "Local Read Blocks": 0,
                      "Local Dirtied Blocks": 0,
                      "Local Written Blocks": 0,
                      "Temp Read Blocks": 0,
                      "Temp Written Blocks": 0,
                      "Plans": [
                        {
                          "Node Type": "Index Scan",
                          "Parent Relationship": "Outer",
                          "Parallel Aware": false,
                          "Async Capable": false,
                          "Scan Direction": "Forward",
                          "Index Name": "class_teachers_class_teacher_key",
                          "Relation Name": "class_teachers",
                          "Alias": "ct",
                          "Startup Cost": 0.14,
                          "Total Cost": 8.67,
                          "Plan Rows": 1,
                          "Plan Width": 16,
                          "Actual Startup Time": 0.020,
                          "Actual Total Time": 0.020,
                          "Actual Rows": 1,
                          "Actual Loops": 3,
                          "Index Cond": "(class_id = class_row.id)",
                          "Rows Removed by Index Recheck": 0,
                          "Filter": "((is_active OR (ended_at IS NOT NULL)) AND (teacher_role = 'PRIMARY'::text) AND (assigned_at <= registration_vietnam_today()) AND ((ended_at IS NULL) OR (ended_at >= registration_vietnam_today())))",
                          "Rows Removed by Filter": 0,
                          "Shared Hit Blocks": 6,
                          "Shared Read Blocks": 0,
                          "Shared Dirtied Blocks": 0,
                          "Shared Written Blocks": 0,
                          "Local Hit Blocks": 0,
                          "Local Read Blocks": 0,
                          "Local Dirtied Blocks": 0,
                          "Local Written Blocks": 0,
                          "Temp Read Blocks": 0,
                          "Temp Written Blocks": 0
                        },
                        {
                          "Node Type": "Seq Scan",
                          "Parent Relationship": "Inner",
                          "Parallel Aware": false,
                          "Async Capable": false,
                          "Relation Name": "teachers",
                          "Alias": "teacher",
                          "Startup Cost": 0.00,
                          "Total Cost": 1.01,
                          "Plan Rows": 1,
                          "Plan Width": 64,
                          "Actual Startup Time": 0.002,
                          "Actual Total Time": 0.002,
                          "Actual Rows": 3,
                          "Actual Loops": 3,
                          "Shared Hit Blocks": 3,
                          "Shared Read Blocks": 0,
                          "Shared Dirtied Blocks": 0,
                          "Shared Written Blocks": 0,
                          "Local Hit Blocks": 0,
                          "Local Read Blocks": 0,
                          "Local Dirtied Blocks": 0,
                          "Local Written Blocks": 0,
                          "Temp Read Blocks": 0,
                          "Temp Written Blocks": 0
                        }
                      ]
                    },
                    {
                      "Node Type": "Seq Scan",
                      "Parent Relationship": "Inner",
                      "Parallel Aware": false,
                      "Async Capable": false,
                      "Relation Name": "profiles",
                      "Alias": "profile",
                      "Startup Cost": 0.00,
                      "Total Cost": 1.03,
                      "Plan Rows": 3,
                      "Plan Width": 48,
                      "Actual Startup Time": 0.001,
                      "Actual Total Time": 0.001,
                      "Actual Rows": 3,
                      "Actual Loops": 3,
                      "Shared Hit Blocks": 3,
                      "Shared Read Blocks": 0,
                      "Shared Dirtied Blocks": 0,
                      "Shared Written Blocks": 0,
                      "Local Hit Blocks": 0,
                      "Local Read Blocks": 0,
                      "Local Dirtied Blocks": 0,
                      "Local Written Blocks": 0,
                      "Temp Read Blocks": 0,
                      "Temp Written Blocks": 0
                    }
                  ]
                }
              ]
            },
            {
              "Node Type": "Limit",
              "Parent Relationship": "SubPlan",
              "Subplan Name": "SubPlan 2",
              "Parallel Aware": false,
              "Async Capable": false,
              "Startup Cost": 2.60,
              "Total Cost": 2.61,
              "Plan Rows": 1,
              "Plan Width": 42,
              "Actual Startup Time": 0.007,
              "Actual Total Time": 0.007,
              "Actual Rows": 1,
              "Actual Loops": 3,
              "Shared Hit Blocks": 6,
              "Shared Read Blocks": 0,
              "Shared Dirtied Blocks": 0,
              "Shared Written Blocks": 0,
              "Local Hit Blocks": 0,
              "Local Read Blocks": 0,
              "Local Dirtied Blocks": 0,
              "Local Written Blocks": 0,
              "Temp Read Blocks": 0,
              "Temp Written Blocks": 0,
              "Plans": [
                {
                  "Node Type": "Sort",
                  "Parent Relationship": "Outer",
                  "Parallel Aware": false,
                  "Async Capable": false,
                  "Startup Cost": 2.60,
                  "Total Cost": 2.61,
                  "Plan Rows": 1,
                  "Plan Width": 42,
                  "Actual Startup Time": 0.006,
                  "Actual Total Time": 0.006,
                  "Actual Rows": 1,
                  "Actual Loops": 3,
                  "Sort Key": ["schedule.day_of_week", "schedule.start_time"],
                  "Sort Method": "quicksort",
                  "Sort Space Used": 25,
                  "Sort Space Type": "Memory",
                  "Shared Hit Blocks": 6,
                  "Shared Read Blocks": 0,
                  "Shared Dirtied Blocks": 0,
                  "Shared Written Blocks": 0,
                  "Local Hit Blocks": 0,
                  "Local Read Blocks": 0,
                  "Local Dirtied Blocks": 0,
                  "Local Written Blocks": 0,
                  "Temp Read Blocks": 0,
                  "Temp Written Blocks": 0,
                  "Plans": [
                    {
                      "Node Type": "Nested Loop",
                      "Parent Relationship": "Outer",
                      "Parallel Aware": false,
                      "Async Capable": false,
                      "Join Type": "Left",
                      "Startup Cost": 0.00,
                      "Total Cost": 2.59,
                      "Plan Rows": 1,
                      "Plan Width": 42,
                      "Actual Startup Time": 0.004,
                      "Actual Total Time": 0.005,
                      "Actual Rows": 1,
                      "Actual Loops": 3,
                      "Inner Unique": true,
                      "Join Filter": "(room.id = schedule.room_id)",
                      "Rows Removed by Join Filter": 1,
                      "Shared Hit Blocks": 6,
                      "Shared Read Blocks": 0,
                      "Shared Dirtied Blocks": 0,
                      "Shared Written Blocks": 0,
                      "Local Hit Blocks": 0,
                      "Local Read Blocks": 0,
                      "Local Dirtied Blocks": 0,
                      "Local Written Blocks": 0,
                      "Temp Read Blocks": 0,
                      "Temp Written Blocks": 0,
                      "Plans": [
                        {
                          "Node Type": "Seq Scan",
                          "Parent Relationship": "Outer",
                          "Parallel Aware": false,
                          "Async Capable": false,
                          "Relation Name": "schedules",
                          "Alias": "schedule",
                          "Startup Cost": 0.00,
                          "Total Cost": 1.57,
                          "Plan Rows": 1,
                          "Plan Width": 26,
                          "Actual Startup Time": 0.002,
                          "Actual Total Time": 0.002,
                          "Actual Rows": 1,
                          "Actual Loops": 3,
                          "Filter": "((class_id = class_row.id) AND (status = 'ACTIVE'::text))",
                          "Rows Removed by Filter": 2,
                          "Shared Hit Blocks": 3,
                          "Shared Read Blocks": 0,
                          "Shared Dirtied Blocks": 0,
                          "Shared Written Blocks": 0,
                          "Local Hit Blocks": 0,
                          "Local Read Blocks": 0,
                          "Local Dirtied Blocks": 0,
                          "Local Written Blocks": 0,
                          "Temp Read Blocks": 0,
                          "Temp Written Blocks": 0
                        },
                        {
                          "Node Type": "Seq Scan",
                          "Parent Relationship": "Inner",
                          "Parallel Aware": false,
                          "Async Capable": false,
                          "Relation Name": "rooms",
                          "Alias": "room",
                          "Startup Cost": 0.00,
                          "Total Cost": 1.01,
                          "Plan Rows": 1,
                          "Plan Width": 48,
                          "Actual Startup Time": 0.001,
                          "Actual Total Time": 0.001,
                          "Actual Rows": 2,
                          "Actual Loops": 3,
                          "Shared Hit Blocks": 3,
                          "Shared Read Blocks": 0,
                          "Shared Dirtied Blocks": 0,
                          "Shared Written Blocks": 0,
                          "Local Hit Blocks": 0,
                          "Local Read Blocks": 0,
                          "Local Dirtied Blocks": 0,
                          "Local Written Blocks": 0,
                          "Temp Read Blocks": 0,
                          "Temp Written Blocks": 0
                        }
                      ]
                    }
                  ]
                }
              ]
            },
            {
              "Node Type": "Aggregate",
              "Strategy": "Plain",
              "Partial Mode": "Simple",
              "Parent Relationship": "SubPlan",
              "Subplan Name": "SubPlan 3",
              "Parallel Aware": false,
              "Async Capable": false,
              "Startup Cost": 1.62,
              "Total Cost": 1.63,
              "Plan Rows": 1,
              "Plan Width": 32,
              "Actual Startup Time": 0.006,
              "Actual Total Time": 0.007,
              "Actual Rows": 1,
              "Actual Loops": 3,
              "Shared Hit Blocks": 3,
              "Shared Read Blocks": 0,
              "Shared Dirtied Blocks": 0,
              "Shared Written Blocks": 0,
              "Local Hit Blocks": 0,
              "Local Read Blocks": 0,
              "Local Dirtied Blocks": 0,
              "Local Written Blocks": 0,
              "Temp Read Blocks": 0,
              "Temp Written Blocks": 0,
              "Plans": [
                {
                  "Node Type": "Sort",
                  "Parent Relationship": "Outer",
                  "Parallel Aware": false,
                  "Async Capable": false,
                  "Startup Cost": 1.58,
                  "Total Cost": 1.58,
                  "Plan Rows": 1,
                  "Plan Width": 18,
                  "Actual Startup Time": 0.003,
                  "Actual Total Time": 0.003,
                  "Actual Rows": 1,
                  "Actual Loops": 3,
                  "Sort Key": ["schedule_1.day_of_week", "schedule_1.start_time"],
                  "Sort Method": "quicksort",
                  "Sort Space Used": 25,
                  "Sort Space Type": "Memory",
                  "Shared Hit Blocks": 3,
                  "Shared Read Blocks": 0,
                  "Shared Dirtied Blocks": 0,
                  "Shared Written Blocks": 0,
                  "Local Hit Blocks": 0,
                  "Local Read Blocks": 0,
                  "Local Dirtied Blocks": 0,
                  "Local Written Blocks": 0,
                  "Temp Read Blocks": 0,
                  "Temp Written Blocks": 0,
                  "Plans": [
                    {
                      "Node Type": "Seq Scan",
                      "Parent Relationship": "Outer",
                      "Parallel Aware": false,
                      "Async Capable": false,
                      "Relation Name": "schedules",
                      "Alias": "schedule_1",
                      "Startup Cost": 0.00,
                      "Total Cost": 1.57,
                      "Plan Rows": 1,
                      "Plan Width": 18,
                      "Actual Startup Time": 0.001,
                      "Actual Total Time": 0.001,
                      "Actual Rows": 1,
                      "Actual Loops": 3,
                      "Filter": "((class_id = class_row.id) AND (status = 'ACTIVE'::text))",
                      "Rows Removed by Filter": 2,
                      "Shared Hit Blocks": 3,
                      "Shared Read Blocks": 0,
                      "Shared Dirtied Blocks": 0,
                      "Shared Written Blocks": 0,
                      "Local Hit Blocks": 0,
                      "Local Read Blocks": 0,
                      "Local Dirtied Blocks": 0,
                      "Local Written Blocks": 0,
                      "Temp Read Blocks": 0,
                      "Temp Written Blocks": 0
                    }
                  ]
                }
              ]
            },
            {
              "Node Type": "Limit",
              "Parent Relationship": "SubPlan",
              "Subplan Name": "SubPlan 4",
              "Parallel Aware": false,
              "Async Capable": false,
              "Startup Cost": 1.59,
              "Total Cost": 1.59,
              "Plan Rows": 1,
              "Plan Width": 14,
              "Actual Startup Time": 0.004,
              "Actual Total Time": 0.004,
              "Actual Rows": 1,
              "Actual Loops": 3,
              "Shared Hit Blocks": 3,
              "Shared Read Blocks": 0,
              "Shared Dirtied Blocks": 0,
              "Shared Written Blocks": 0,
              "Local Hit Blocks": 0,
              "Local Read Blocks": 0,
              "Local Dirtied Blocks": 0,
              "Local Written Blocks": 0,
              "Temp Read Blocks": 0,
              "Temp Written Blocks": 0,
              "Plans": [
                {
                  "Node Type": "Sort",
                  "Parent Relationship": "Outer",
                  "Parallel Aware": false,
                  "Async Capable": false,
                  "Startup Cost": 1.59,
                  "Total Cost": 1.59,
                  "Plan Rows": 1,
                  "Plan Width": 14,
                  "Actual Startup Time": 0.004,
                  "Actual Total Time": 0.004,
                  "Actual Rows": 1,
                  "Actual Loops": 3,
                  "Sort Key": ["schedule_2.day_of_week", "schedule_2.start_time"],
                  "Sort Method": "quicksort",
                  "Sort Space Used": 25,
                  "Sort Space Type": "Memory",
                  "Shared Hit Blocks": 3,
                  "Shared Read Blocks": 0,
                  "Shared Dirtied Blocks": 0,
                  "Shared Written Blocks": 0,
                  "Local Hit Blocks": 0,
                  "Local Read Blocks": 0,
                  "Local Dirtied Blocks": 0,
                  "Local Written Blocks": 0,
                  "Temp Read Blocks": 0,
                  "Temp Written Blocks": 0,
                  "Plans": [
                    {
                      "Node Type": "Seq Scan",
                      "Parent Relationship": "Outer",
                      "Parallel Aware": false,
                      "Async Capable": false,
                      "Relation Name": "schedules",
                      "Alias": "schedule_2",
                      "Startup Cost": 0.00,
                      "Total Cost": 1.58,
                      "Plan Rows": 1,
                      "Plan Width": 14,
                      "Actual Startup Time": 0.002,
                      "Actual Total Time": 0.003,
                      "Actual Rows": 1,
                      "Actual Loops": 3,
                      "Filter": "((class_id = class_row.id) AND (status = 'ACTIVE'::text))",
                      "Rows Removed by Filter": 2,
                      "Shared Hit Blocks": 3,
                      "Shared Read Blocks": 0,
                      "Shared Dirtied Blocks": 0,
                      "Shared Written Blocks": 0,
                      "Local Hit Blocks": 0,
                      "Local Read Blocks": 0,
                      "Local Dirtied Blocks": 0,
                      "Local Written Blocks": 0,
                      "Temp Read Blocks": 0,
                      "Temp Written Blocks": 0
                    }
                  ]
                }
              ]
            }
          ]
        }
      ]
    },
    "Planning": {
      "Shared Hit Blocks": 34,
      "Shared Read Blocks": 0,
      "Shared Dirtied Blocks": 0,
      "Shared Written Blocks": 0,
      "Local Hit Blocks": 0,
      "Local Read Blocks": 0,
      "Local Dirtied Blocks": 0,
      "Local Written Blocks": 0,
      "Temp Read Blocks": 0,
      "Temp Written Blocks": 0
    },
    "Planning Time": 1.351,
    "Triggers": [
    ],
    "Execution Time": 2.437
  }
]
ROLLBACK
